"Ngày","Lần cuối","Mở","Cao","Thấp","KL","% Thay đổi"
"20/06/2024","65,900.0","65,100.0","66,100.0","65,100.0","905.40K","0.92%"
"19/06/2024","65,300.0","66,000.0","66,000.0","65,100.0","6.16M","-0.91%"
"18/06/2024","65,900.0","66,500.0","66,500.0","65,900.0","2.75M","-0.15%"
"17/06/2024","66,000.0","66,300.0","66,600.0","66,000.0","3.62M","-0.30%"
"14/06/2024","66,200.0","67,000.0","67,300.0","66,200.0","4.12M","-1.05%"
"13/06/2024","66,900.0","67,000.0","67,400.0","66,800.0","2.80M","-0.15%"
"12/06/2024","67,000.0","66,500.0","67,300.0","66,300.0","3.43M","0.75%"
"11/06/2024","66,500.0","67,400.0","67,500.0","66,400.0","6.18M","-1.04%"
"10/06/2024","67,200.0","68,400.0","68,500.0","67,200.0","4.56M","-0.88%"
"07/06/2024","67,800.0","67,600.0","68,600.0","67,500.0","4.13M","0.89%"
"06/06/2024","67,200.0","69,000.0","69,000.0","67,200.0","4.89M","-1.90%"
"05/06/2024","68,500.0","66,200.0","69,200.0","66,200.0","11.87M","3.79%"
"04/06/2024","66,000.0","66,100.0","66,600.0","66,000.0","2.45M","-0.15%"
"03/06/2024","66,100.0","65,800.0","66,600.0","65,700.0","3.19M","1.07%"
"31/05/2024","65,400.0","65,900.0","65,900.0","65,300.0","4.14M","-0.46%"
"30/05/2024","65,700.0","66,100.0","66,200.0","65,500.0","4.41M","-0.90%"
"29/05/2024","66,300.0","67,000.0","67,300.0","66,000.0","3.36M","-0.75%"
"28/05/2024","66,800.0","66,300.0","67,300.0","66,100.0","5.35M","1.06%"
"27/05/2024","66,100.0","66,100.0","66,600.0","65,800.0","2.34M","0.15%"
"24/05/2024","66,000.0","66,700.0","66,900.0","65,700.0","4.10M","-1.49%"
"23/05/2024","67,000.0","66,000.0","67,000.0","65,800.0","2.99M","1.82%"
"22/05/2024","65,800.0","66,400.0","66,700.0","65,800.0","3.62M","-0.60%"
"21/05/2024","66,200.0","66,400.0","66,600.0","65,800.0","3.80M","-0.30%"
"20/05/2024","66,400.0","67,100.0","67,600.0","66,400.0","4.92M","-0.90%"
"17/05/2024","67,000.0","67,300.0","67,800.0","66,800.0","4.17M","-0.30%"
"16/05/2024","67,200.0","67,100.0","67,700.0","67,000.0","2.91M","0.30%"
"15/05/2024","67,000.0","66,900.0","67,300.0","66,700.0","3.23M","0.75%"
"14/05/2024","66,500.0","65,900.0","67,000.0","65,900.0","2.43M","1.06%"
"13/05/2024","65,800.0","66,600.0","66,800.0","65,400.0","2.73M","-1.05%"
"10/05/2024","66,500.0","66,700.0","67,500.0","66,100.0","2.42M","-0.15%"
"09/05/2024","66,600.0","67,900.0","67,900.0","66,600.0","3.00M","-1.91%"
"08/05/2024","67,900.0","68,000.0","68,000.0","67,100.0","2.96M","-0.15%"
"07/05/2024","68,000.0","66,000.0","68,500.0","65,900.0","8.49M","3.34%"
"06/05/2024","65,800.0","65,800.0","66,400.0","65,500.0","2.26M","0.30%"
"03/05/2024","65,600.0","65,600.0","66,000.0","65,500.0","1.97M","0.31%"
"02/05/2024","65,400.0","65,400.0","65,500.0","64,900.0","2.56M","0.62%"
"26/04/2024","65,000.0","64,700.0","65,800.0","64,500.0","2.94M","0.46%"
"25/04/2024","64,700.0","64,000.0","64,800.0","63,900.0","1.92M","1.09%"
"24/04/2024","64,000.0","64,000.0","64,300.0","63,500.0","2.40M","0.79%"
"23/04/2024","63,500.0","64,200.0","64,300.0","63,200.0","2.01M","-0.78%"
"22/04/2024","64,000.0","64,700.0","65,300.0","64,000.0","2.04M","-0.31%"
"19/04/2024","64,200.0","64,200.0","64,400.0","63,300.0","4.52M","0.00%"
"17/04/2024","64,200.0","64,400.0","64,900.0","64,200.0","4.59M","0.31%"
"16/04/2024","64,000.0","64,900.0","65,000.0","63,000.0","7.13M","-1.39%"
"15/04/2024","64,900.0","66,700.0","66,700.0","64,900.0","5.76M","-2.70%"
"12/04/2024","66,700.0","66,800.0","67,100.0","66,600.0","2.51M","0.15%"
"11/04/2024","66,600.0","66,700.0","66,900.0","66,500.0","2.95M","-0.30%"
"10/04/2024","66,800.0","67,100.0","67,300.0","66,800.0","2.77M","-0.30%"
"09/04/2024","67,000.0","67,100.0","67,300.0","66,800.0","2.52M","0.00%"
"08/04/2024","67,000.0","68,000.0","68,000.0","66,900.0","3.67M","-1.33%"
"05/04/2024","67,900.0","68,200.0","68,200.0","67,700.0","4.23M","-0.44%"
"04/04/2024","68,200.0","66,700.0","68,400.0","66,700.0","7.47M","2.25%"
"03/04/2024","66,700.0","67,300.0","67,300.0","66,700.0","5.05M","-0.89%"
"02/04/2024","67,300.0","67,000.0","67,400.0","66,700.0","4.32M","0.45%"
"01/04/2024","67,000.0","67,600.0","67,700.0","67,000.0","4.99M","-0.89%"
"29/03/2024","67,600.0","68,400.0","68,400.0","67,500.0","3.48M","-0.15%"
"28/03/2024","67,700.0","67,700.0","68,400.0","67,600.0","4.47M","0.00%"
"27/03/2024","67,700.0","68,000.0","68,000.0","67,500.0","2.64M","0.00%"
"26/03/2024","67,700.0","67,400.0","67,900.0","67,300.0","2.50M","0.59%"
"25/03/2024","67,300.0","67,900.0","68,200.0","67,100.0","5.45M","-0.74%"
"22/03/2024","67,800.0","68,600.0","68,700.0","67,800.0","6.07M","-0.88%"
"21/03/2024","68,400.0","68,200.0","68,500.0","67,900.0","4.91M","0.59%"
"20/03/2024","68,000.0","67,800.0","68,600.0","67,500.0","3.55M","0.29%"
"19/03/2024","67,800.0","68,500.0","68,500.0","67,800.0","3.16M","-0.15%"
"18/03/2024","67,900.0","68,800.0","69,100.0","67,600.0","6.80M","-1.31%"
"15/03/2024","68,800.0","70,100.0","70,100.0","68,700.0","4.85M","-1.15%"
"14/03/2024","69,600.0","70,093.6","70,389.8","69,402.6","5.45M","-0.42%"
"13/03/2024","69,896.2","69,205.1","69,994.9","69,106.4","5.65M","1.14%"
"12/03/2024","69,106.4","69,501.3","69,698.7","69,106.4","3.84M","-0.43%"
"11/03/2024","69,402.6","69,600.0","70,389.8","69,106.4","4.21M","0.43%"
"08/03/2024","69,106.4","71,179.6","71,969.4","69,106.4","7.36M","-2.78%"
"07/03/2024","71,080.8","70,784.7","71,179.6","70,389.8","5.07M","0.28%"
"06/03/2024","70,883.4","72,364.3","72,561.7","70,883.4","4.83M","-1.64%"
"05/03/2024","72,068.1","71,080.8","72,068.1","70,784.7","5.44M","1.39%"
"04/03/2024","71,080.8","70,883.4","71,771.9","70,686.0","5.01M","0.70%"
"01/03/2024","70,587.2","71,179.6","71,179.6","70,291.1","4.40M","-0.69%"
"29/02/2024","71,080.8","71,673.2","72,364.3","70,686.0","6.54M","-0.28%"
"28/02/2024","71,278.3","71,475.7","71,673.2","70,587.2","3.42M","0.28%"
"27/02/2024","71,080.8","70,291.1","71,475.7","70,192.3","5.28M","1.41%"
"26/02/2024","70,093.6","70,093.6","70,784.7","69,797.4","3.05M","0.00%"
"23/02/2024","70,093.6","70,883.4","71,771.9","70,093.6","6.14M","-0.84%"
"22/02/2024","70,686.0","70,389.8","71,771.9","70,192.3","4.65M","0.42%"
"21/02/2024","70,389.8","70,587.2","70,982.1","70,093.6","3.59M","-0.28%"
"20/02/2024","70,587.2","70,784.7","71,475.7","70,389.8","4.39M","-0.56%"
"19/02/2024","70,982.1","69,994.9","71,673.2","69,797.4","6.65M","2.71%"
"16/02/2024","69,106.4","66,934.5","69,402.6","66,638.3","11.11M","3.55%"
"15/02/2024","66,737.0","66,737.0","67,131.9","66,342.1","3.88M","0.00%"
"07/02/2024","66,737.0","66,737.0","67,033.2","66,342.1","2.74M","0.00%"
"06/02/2024","66,737.0","67,230.6","67,329.4","66,737.0","2.39M","-0.59%"
"05/02/2024","67,131.9","66,539.6","67,329.4","66,342.1","3.57M","0.89%"
"02/02/2024","66,539.6","66,638.3","66,835.7","66,144.7","2.61M","-0.15%"
"01/02/2024","66,638.3","66,342.1","66,934.5","66,342.1","2.50M","0.75%"
"31/01/2024","66,144.7","66,342.1","67,329.4","66,046.0","4.02M","0.15%"
"30/01/2024","66,046.0","66,440.8","66,440.8","66,046.0","1.79M","-0.15%"
"29/01/2024","66,144.7","66,243.4","66,440.8","66,046.0","1.73M","0.00%"
"26/01/2024","66,144.7","66,144.7","66,638.3","66,144.7","1.68M","0.15%"
"25/01/2024","66,046.0","66,539.6","66,638.3","66,046.0","2.66M","-0.59%"
"24/01/2024","66,440.8","66,934.5","67,131.9","66,342.1","2.08M","-0.59%"
"23/01/2024","66,835.7","67,428.1","67,428.1","66,737.0","2.11M","-0.88%"
"22/01/2024","67,428.1","67,131.9","67,823.0","67,131.9","1.96M","0.44%"
"19/01/2024","67,131.9","66,539.6","67,724.3","66,539.6","2.62M","0.89%"
"18/01/2024","66,539.6","66,440.8","66,934.5","66,440.8","1.23M","0.45%"
"17/01/2024","66,243.4","66,638.3","67,033.2","66,144.7","1.83M","-0.45%"
"16/01/2024","66,539.6","66,144.7","66,539.6","65,848.5","2.07M","0.60%"
"15/01/2024","66,144.7","66,342.1","66,638.3","66,144.7","2.23M","-0.30%"
"12/01/2024","66,342.1","66,737.0","67,033.2","66,144.7","3.28M","-1.03%"
"11/01/2024","67,033.2","66,638.3","67,625.5","66,638.3","2.08M","0.59%"
"10/01/2024","66,638.3","67,230.6","67,230.6","66,539.6","3.01M","-0.88%"
"09/01/2024","67,230.6","67,329.4","67,625.5","67,131.9","2.46M","-0.15%"
"08/01/2024","67,329.4","68,119.1","68,217.9","67,329.4","2.40M","-0.87%"
"05/01/2024","67,921.7","68,415.3","68,415.3","67,625.5","1.48M","-0.29%"
"04/01/2024","68,119.1","68,217.9","68,612.8","68,119.1","3.40M","0.00%"
"03/01/2024","68,119.1","67,526.8","68,119.1","67,131.9","1.89M","1.02%"
"02/01/2024","67,428.1","67,329.4","67,625.5","67,033.2","2.14M","1.04%"
"29/12/2023","66,737.0","67,823.0","67,823.0","66,737.0","1.95M","-1.31%"
"28/12/2023","67,625.5","66,638.3","67,625.5","66,638.3","2.41M","1.48%"
"27/12/2023","66,638.3","67,131.9","67,329.4","66,638.3","1.63M","0.00%"
"26/12/2023","66,638.3","66,932.3","67,128.3","66,638.3","1.98M","0.15%"
"25/12/2023","66,540.3","66,246.3","67,324.3","66,246.3","2.67M","0.44%"
"22/12/2023","66,246.3","66,442.3","66,736.3","66,148.3","2.15M","-0.29%"
"21/12/2023","66,442.3","66,540.3","66,932.3","66,442.3","2.59M","-0.44%"
"20/12/2023","66,736.3","65,658.3","66,834.3","65,658.3","2.60M","1.64%"
"19/12/2023","65,658.3","65,756.3","66,050.3","64,972.3","3.06M","0.00%"
"18/12/2023","65,658.3","66,736.3","66,834.3","65,658.3","3.51M","-1.62%"
"15/12/2023","66,736.3","67,128.3","67,226.3","66,736.3","3.74M","-0.44%"
"14/12/2023","67,030.3","67,030.3","67,520.3","66,834.3","1.46M","0.29%"
"13/12/2023","66,834.3","68,206.3","68,304.2","66,736.3","4.51M","-1.73%"
"12/12/2023","68,010.3","68,598.2","68,696.2","67,618.3","2.79M","-0.86%"
"11/12/2023","68,598.2","69,088.2","69,088.2","68,500.2","4.73M","1.45%"
"08/12/2023","67,618.3","67,030.3","67,912.3","66,638.3","3.73M","0.88%"
"07/12/2023","67,030.3","67,422.3","67,422.3","66,148.3","3.87M","-0.15%"
"06/12/2023","67,128.3","66,736.3","67,226.3","66,736.3","1.61M","0.59%"
"05/12/2023","66,736.3","67,422.3","67,618.3","66,638.3","2.30M","-1.02%"
"04/12/2023","67,422.3","67,128.3","68,108.3","67,030.3","3.01M","0.58%"
"01/12/2023","67,030.3","66,638.3","67,128.3","66,344.3","1.39M","1.48%"
"30/11/2023","66,050.3","67,030.3","67,324.3","66,050.3","2.58M","-1.46%"
"29/11/2023","67,030.3","67,128.3","67,422.3","66,834.3","1.26M","-0.15%"
"28/11/2023","67,128.3","66,736.3","67,128.3","66,148.3","1.78M","0.59%"
"27/11/2023","66,736.3","66,932.3","67,030.3","66,540.3","1.33M","-0.29%"
"24/11/2023","66,932.3","67,226.3","67,520.3","66,246.3","3.13M","-0.58%"
"23/11/2023","67,324.3","68,402.2","68,500.2","67,324.3","1.62M","-1.01%"
"22/11/2023","68,010.3","68,108.3","68,794.2","67,618.3","1.30M","-0.14%"
"21/11/2023","68,108.3","68,010.3","68,402.2","67,520.3","2.96M","0.29%"
"20/11/2023","67,912.3","67,814.3","68,500.2","67,618.3","1.77M","-1.00%"
"17/11/2023","68,598.2","69,578.2","69,676.2","67,814.3","2.34M","-0.43%"
"16/11/2023","68,892.2","69,186.2","69,872.2","68,500.2","2.34M","-0.57%"
"15/11/2023","69,284.2","68,598.2","70,362.2","68,598.2","3.95M","2.61%"
"14/11/2023","67,520.3","67,618.3","68,010.3","66,834.3","3.00M","0.29%"
"13/11/2023","67,324.3","68,304.2","68,598.2","67,226.3","1.73M","-1.29%"
"10/11/2023","68,206.3","69,382.2","69,382.2","68,206.3","2.83M","-1.56%"
"09/11/2023","69,284.2","70,166.2","70,656.2","69,284.2","3.42M","-0.98%"
"08/11/2023","69,970.2","69,382.2","70,068.2","68,402.2","2.34M","0.85%"
"07/11/2023","69,382.2","69,088.2","69,382.2","68,402.2","1.47M","-0.28%"
"06/11/2023","69,578.2","68,794.2","70,068.2","68,696.2","1.14M","1.43%"
"03/11/2023","68,598.2","69,480.2","69,480.2","68,402.2","1.69M","-1.27%"
"02/11/2023","69,480.2","69,088.2","69,480.2","68,402.2","2.39M","0.71%"
"01/11/2023","68,990.2","67,618.3","69,088.2","66,540.3","2.34M","3.53%"
"31/10/2023","66,638.3","66,540.3","68,108.3","66,246.3","2.18M","0.59%"
"30/10/2023","66,246.3","66,540.3","66,638.3","65,756.3","1.05M","-0.59%"
"27/10/2023","66,638.3","65,952.3","66,638.3","65,266.3","1.81M","1.49%"
"26/10/2023","65,658.3","67,128.3","67,226.3","64,580.3","5.20M","-2.90%"
"25/10/2023","67,618.3","68,892.2","69,382.2","67,618.3","2.42M","-1.85%"
"24/10/2023","68,892.2","68,794.2","69,382.2","68,696.2","1.10M","0.14%"
"23/10/2023","68,794.2","70,264.2","70,558.2","68,696.2","2.73M","-2.90%"
"20/10/2023","70,852.2","69,872.2","71,048.2","68,794.2","2.37M","1.26%"
"19/10/2023","69,970.2","71,930.2","71,930.2","69,480.2","3.90M","-3.38%"
"18/10/2023","72,420.1","73,302.1","73,302.1","70,950.2","2.57M","-1.20%"
"17/10/2023","73,302.1","73,792.1","74,576.1","73,302.1","1.42M","-0.53%"
"16/10/2023","73,694.1","73,596.1","74,282.1","73,204.1","1.34M","-0.79%"
"13/10/2023","74,282.1","73,890.1","74,772.1","73,498.1","1.49M","0.40%"
"12/10/2023","73,988.1","73,008.1","74,380.1","73,008.1","2.53M","1.48%"
"11/10/2023","72,910.1","73,106.1","73,302.1","72,518.1","1.13M","0.00%"
"10/10/2023","72,910.1","72,812.1","73,498.1","72,518.1","1.02M","0.95%"
"09/10/2023","72,224.1","72,518.1","72,616.1","72,126.2","830.90K","-0.67%"
"06/10/2023","72,714.1","71,244.2","72,714.1","71,146.2","1.23M","2.06%"
"05/10/2023","71,244.2","72,616.1","72,910.1","71,244.2","2.57M","-2.28%"
"04/10/2023","72,910.1","72,126.2","73,106.1","71,930.2","1.08M","0.54%"
"03/10/2023","72,518.1","73,106.1","73,596.1","72,420.1","1.99M","-2.12%"
"02/10/2023","74,086.1","72,714.1","74,086.1","72,714.1","1.16M","1.89%"
"29/09/2023","72,714.1","73,498.1","74,870.1","72,714.1","1.40M","-0.80%"
"28/09/2023","73,302.1","74,576.1","74,870.1","73,302.1","1.89M","-2.35%"
"27/09/2023","75,066.1","74,772.1","75,066.1","73,302.1","2.27M","0.66%"
"26/09/2023","74,576.1","76,046.0","76,438.0","74,478.1","2.53M","-1.93%"
"25/09/2023","76,046.0","75,654.1","76,928.0","75,164.1","2.76M","0.13%"
"22/09/2023","75,948.1","75,556.1","76,732.0","74,282.1","4.24M","-0.64%"
"21/09/2023","76,438.0","76,536.0","76,732.0","75,752.1","2.54M","-0.38%"
"20/09/2023","76,732.0","76,830.0","77,222.0","76,438.0","1.84M","-0.76%"
"19/09/2023","77,320.0","76,928.0","77,320.0","75,850.1","2.57M","0.00%"
"18/09/2023","77,320.0","77,516.0","78,202.0","77,124.0","1.32M","-0.75%"
"15/09/2023","77,908.0","77,810.0","79,574.0","77,418.0","5.61M","0.13%"
"14/09/2023","77,810.0","76,928.0","78,398.0","76,830.0","2.48M","0.38%"
"13/09/2023","77,516.0","78,006.0","78,692.0","77,124.0","2.51M","-1.49%"
"12/09/2023","78,692.0","77,418.0","79,084.0","76,732.0","2.67M","1.01%"
"11/09/2023","77,908.0","78,398.0","79,476.0","76,046.0","4.23M","-0.63%"
"08/09/2023","78,398.0","77,614.0","78,496.0","77,516.0","2.77M","0.63%"
"07/09/2023","77,908.0","78,300.0","78,398.0","77,026.0","3.53M","-0.63%"
"06/09/2023","78,398.0","78,496.0","78,496.0","77,908.0","2.28M","-0.12%"
"05/09/2023","78,496.0","76,928.0","78,888.0","76,536.0","6.84M","2.96%"
"31/08/2023","76,242.0","75,948.1","77,320.0","75,556.1","3.84M","0.00%"
"30/08/2023","76,242.0","75,458.1","76,928.0","74,968.1","2.66M","0.52%"
"29/08/2023","75,850.1","75,948.1","76,046.0","74,674.1","4.20M","-0.64%"
"28/08/2023","76,340.0","73,498.1","76,536.0","73,498.1","5.47M","4.01%"
"25/08/2023","73,400.1","73,792.1","73,792.1","72,812.1","2.75M","0.27%"
"24/08/2023","73,204.1","72,028.2","73,400.1","71,538.2","4.42M","1.63%"
"23/08/2023","72,028.2","70,950.2","72,126.2","70,166.2","3.07M","1.10%"
"22/08/2023","71,244.2","71,734.2","71,734.2","69,676.2","3.08M","-0.27%"
"21/08/2023","71,440.2","71,244.2","72,322.1","71,244.2","3.06M","-0.55%"
"18/08/2023","71,832.2","72,028.2","73,302.1","70,656.2","7.11M","-0.41%"
"17/08/2023","72,126.2","71,636.2","73,008.1","71,440.2","4.58M","0.68%"
"16/08/2023","71,636.2","71,342.2","72,028.2","71,048.2","2.08M","0.41%"
"15/08/2023","71,342.2","71,440.2","71,930.2","71,244.2","2.22M","-0.82%"
"14/08/2023","71,930.2","71,930.2","72,028.2","71,048.2","3.07M","-0.14%"
"11/08/2023","72,028.2","71,636.2","72,028.2","70,950.2","2.18M","0.55%"
"10/08/2023","71,636.2","71,636.2","72,518.1","71,440.2","2.73M","0.00%"
"09/08/2023","71,636.2","73,008.1","73,008.1","71,342.2","3.71M","-1.88%"
"08/08/2023","73,008.1","73,204.1","73,400.1","72,420.1","3.43M","-0.53%"
"07/08/2023","73,400.1","71,440.2","73,400.1","70,852.2","4.32M","2.60%"
"04/08/2023","71,538.2","71,048.2","71,538.2","70,558.2","3.17M","0.55%"
"03/08/2023","71,146.2","72,616.1","72,616.1","71,146.2","2.92M","-1.45%"
"02/08/2023","72,193.5","72,098.6","72,572.9","71,434.5","2.68M","0.13%"
"01/08/2023","72,098.6","73,995.9","73,995.9","72,098.6","5.73M","-2.56%"
"31/07/2023","73,995.9","73,331.9","74,375.4","73,237.0","3.36M","0.78%"
"28/07/2023","73,426.7","71,908.9","73,711.3","71,719.1","5.47M","2.25%"
"27/07/2023","71,814.0","71,149.9","71,908.9","70,960.2","4.18M","0.93%"
"26/07/2023","71,149.9","70,580.7","71,339.7","70,485.9","3.19M","0.67%"
"25/07/2023","70,675.6","69,821.8","70,865.3","69,347.5","4.25M","1.22%"
"24/07/2023","69,821.8","69,726.9","70,201.3","69,537.2","2.54M","0.14%"
"21/07/2023","69,726.9","68,873.1","69,726.9","68,778.3","3.34M","1.24%"
"20/07/2023","68,873.1","68,873.1","69,062.9","68,588.5","2.60M","0.00%"
"19/07/2023","68,873.1","68,778.3","69,252.6","68,683.4","2.95M","0.28%"
"18/07/2023","68,683.4","68,778.3","68,873.1","68,493.7","2.93M","0.14%"
"17/07/2023","68,588.5","69,252.6","69,821.8","68,493.7","3.92M","-1.36%"
"14/07/2023","69,537.2","69,442.3","69,632.1","68,398.8","5.21M","0.27%"
"13/07/2023","69,347.5","69,632.1","70,011.5","69,157.7","3.78M","-0.54%"
"12/07/2023","69,726.9","69,157.7","69,726.9","68,873.1","4.20M","0.96%"
"11/07/2023","69,062.9","68,398.8","69,632.1","68,019.3","5.70M","0.97%"
"10/07/2023","68,398.8","67,734.7","68,968.0","67,545.0","6.17M","1.69%"
"07/07/2023","67,260.4","67,070.7","67,545.0","66,786.1","5.78M","0.57%"
"06/07/2023","66,880.9","66,311.7","67,070.7","66,216.9","7.63M","1.00%"
"05/07/2023","66,216.9","67,165.5","67,165.5","66,027.1","6.66M","-1.13%"
"04/07/2023","66,975.8","66,880.9","67,545.0","66,501.5","4.78M","-0.14%"
"03/07/2023","67,070.7","67,450.1","67,734.7","66,691.2","3.19M","-0.42%"
"30/06/2023","67,355.3","68,209.1","68,303.9","67,165.5","3.65M","-1.25%"
"29/06/2023","68,209.1","66,975.8","68,683.4","66,501.5","7.70M","1.84%"
"28/06/2023","66,975.8","66,880.9","67,260.4","66,122.0","6.15M","0.14%"
"27/06/2023","66,880.9","67,165.5","67,165.5","66,027.1","5.98M","-0.14%"
"26/06/2023","66,975.8","65,742.5","67,070.7","64,793.9","10.74M","2.17%"
"23/06/2023","65,552.8","63,560.6","65,932.3","63,560.6","11.96M","3.29%"
"22/06/2023","63,465.7","63,086.3","63,845.2","62,896.5","5.61M","0.90%"
"21/06/2023","62,896.5","62,232.5","62,896.5","62,137.6","3.49M","1.22%"
"20/06/2023","62,137.6","62,517.1","62,517.1","62,137.6","2.96M","-0.46%"
"19/06/2023","62,422.2","62,896.5","63,181.1","62,232.5","3.28M","-0.45%"
"16/06/2023","62,706.8","63,086.3","63,181.1","62,611.9","5.99M","-0.30%"
"15/06/2023","62,896.5","63,845.2","63,940.1","62,801.7","4.69M","-1.19%"
"14/06/2023","63,655.5","64,224.7","64,699.0","63,655.5","4.91M","-0.74%"
"13/06/2023","64,129.8","64,604.1","64,793.9","64,034.9","4.94M","-0.44%"
"12/06/2023","64,414.4","62,611.9","64,509.3","62,611.9","5.45M","3.19%"
"09/06/2023","62,422.2","62,232.5","63,086.3","62,137.6","2.08M","0.46%"
"08/06/2023","62,137.6","63,086.3","63,086.3","62,137.6","5.04M","-1.06%"
"07/06/2023","62,801.7","63,086.3","63,276.0","62,611.9","3.72M","-0.30%"
"06/06/2023","62,991.4","63,465.7","63,465.7","62,611.9","3.42M","-0.15%"
"05/06/2023","63,086.3","63,086.3","63,750.3","62,801.7","3.32M","0.91%"
"02/06/2023","62,517.1","62,801.7","62,896.5","62,137.6","2.97M","-0.30%"
"01/06/2023","62,706.8","62,706.8","63,086.3","62,611.9","1.21M","0.00%"
"31/05/2023","62,706.8","63,370.9","63,370.9","62,706.8","1.47M","-0.60%"
"30/05/2023","63,086.3","63,655.5","63,940.1","63,086.3","1.77M","-0.89%"
"29/05/2023","63,655.5","63,845.2","64,224.7","63,655.5","1.04M","0.00%"
"26/05/2023","63,655.5","63,940.1","64,509.3","63,655.5","904.50K","0.00%"
"25/05/2023","63,655.5","62,801.7","64,034.9","62,611.9","1.31M","1.21%"
"24/05/2023","62,896.5","63,655.5","63,940.1","62,706.8","2.35M","-1.04%"
"23/05/2023","63,560.6","64,509.3","64,888.7","63,560.6","2.94M","-1.76%"
"22/05/2023","64,699.0","65,173.3","65,457.9","64,699.0","1.70M","-0.58%"
"19/05/2023","65,078.5","65,837.4","65,932.3","65,078.5","1.20M","-0.87%"
"18/05/2023","65,647.7","65,457.9","66,406.6","64,983.6","2.50M","0.29%"
"17/05/2023","65,457.9","66,122.0","66,122.0","65,268.2","1.87M","-1.00%"
"16/05/2023","66,122.0","65,457.9","66,122.0","65,457.9","1.38M","1.01%"
"15/05/2023","65,457.9","66,311.7","66,311.7","65,457.9","1.54M","-0.86%"
"12/05/2023","66,027.1","66,786.1","66,786.1","65,932.3","1.21M","-0.57%"
"11/05/2023","66,406.6","66,880.9","67,260.4","66,406.6","447.30K","-0.71%"
"10/05/2023","66,880.9","67,165.5","67,450.1","66,880.9","951.60K","-0.28%"
"09/05/2023","67,070.7","67,165.5","67,355.3","66,880.9","871.30K","0.43%"
"08/05/2023","66,786.1","65,457.9","66,786.1","65,457.9","1.23M","2.33%"
"05/05/2023","65,268.2","65,078.5","65,647.7","65,078.5","712.20K","0.29%"
"04/05/2023","65,078.5","66,406.6","66,406.6","64,888.7","2.66M","-2.00%"
"28/04/2023","66,406.6","66,216.9","66,596.3","66,122.0","1.12M","0.72%"
"27/04/2023","65,932.3","67,355.3","67,355.3","65,932.3","1.37M","-2.11%"
"26/04/2023","67,355.3","66,406.6","67,355.3","66,406.6","941.60K","1.57%"
"25/04/2023","66,311.7","66,880.9","67,734.7","66,216.9","1.37M","-0.85%"
"24/04/2023","66,880.9","67,355.3","67,450.1","66,596.3","1.13M","-0.56%"
"21/04/2023","67,260.4","68,303.9","68,303.9","67,165.5","1.11M","-1.39%"
"20/04/2023","68,209.1","68,398.8","68,873.1","68,114.2","822.30K","-0.14%"
"19/04/2023","68,303.9","69,347.5","69,347.5","68,303.9","816.30K","-1.37%"
"18/04/2023","69,252.6","68,114.2","69,252.6","68,114.2","931.80K","1.81%"
"17/04/2023","68,019.3","69,062.9","69,157.7","68,019.3","1.37M","-1.51%"
"14/04/2023","69,062.9","69,821.8","69,916.7","69,062.9","1.29M","-0.95%"
"13/04/2023","69,726.9","70,485.9","70,580.7","69,726.9","889.60K","-1.08%"
"12/04/2023","70,485.9","70,580.7","70,580.7","70,201.3","979.10K","-0.13%"
"11/04/2023","70,580.7","70,485.9","70,675.6","70,296.1","782.80K","0.00%"
"10/04/2023","70,580.7","70,865.3","70,865.3","70,580.7","832.70K","-0.40%"
"07/04/2023","70,865.3","70,580.7","70,865.3","70,485.9","794.40K","0.54%"
"06/04/2023","70,485.9","70,580.7","70,770.5","70,485.9","905.60K","-0.27%"
"05/04/2023","70,675.6","70,391.0","70,960.2","70,296.1","963.40K","0.40%"
"04/04/2023","70,391.0","70,580.7","70,675.6","70,391.0","1.82M","-0.27%"
"03/04/2023","70,580.7","70,770.5","71,055.1","70,391.0","850.60K","0.00%"
"31/03/2023","70,580.7","71,149.9","71,529.4","70,580.7","1.08M","-0.80%"
"30/03/2023","71,149.9","70,865.3","71,529.4","70,770.5","838.70K","0.13%"
"29/03/2023","71,055.1","70,865.3","71,055.1","70,580.7","907.40K","0.67%"
"28/03/2023","70,580.7","70,675.6","71,434.5","70,580.7","1.65M","-0.27%"
"27/03/2023","70,770.5","71,149.9","71,149.9","70,485.9","1.37M","-0.53%"
"24/03/2023","71,149.9","71,149.9","71,624.3","70,960.2","932.30K","-0.40%"
"23/03/2023","71,434.5","70,485.9","71,434.5","70,201.3","1.29M","1.21%"
"22/03/2023","70,580.7","70,770.5","70,865.3","70,580.7","900.20K","0.00%"
"21/03/2023","70,580.7","70,580.7","71,244.8","70,391.0","1.35M","0.13%"
"20/03/2023","70,485.9","71,149.9","71,149.9","70,296.1","1.61M","-0.27%"
"17/03/2023","70,675.6","72,478.1","72,478.1","70,675.6","2.43M","-2.49%"
"16/03/2023","72,478.1","73,047.3","73,142.1","72,003.7","1.53M","-0.91%"
"15/03/2023","73,142.1","72,667.8","73,331.9","72,572.9","1.96M","0.65%"
"14/03/2023","72,667.8","72,383.2","72,952.4","71,719.1","1.74M","-0.39%"
"13/03/2023","72,952.4","72,857.5","73,142.1","72,667.8","1.82M","0.00%"
"10/03/2023","72,952.4","72,572.9","73,237.0","72,193.5","1.43M","0.52%"
"09/03/2023","72,572.9","72,288.3","73,142.1","72,288.3","1.39M","0.00%"
"08/03/2023","72,572.9","71,339.7","72,572.9","71,149.9","1.24M","0.92%"
"07/03/2023","71,908.9","72,003.7","72,288.3","71,624.3","1.17M","1.07%"
"06/03/2023","71,149.9","72,098.6","72,667.8","71,149.9","891.80K","-1.32%"
"03/03/2023","72,098.6","71,149.9","72,857.5","71,149.9","704.20K","-0.65%"
"02/03/2023","72,572.9","72,952.4","72,952.4","72,193.5","1.09M","-0.52%"
"01/03/2023","72,952.4","71,244.8","73,047.3","71,149.9","1.64M","1.85%"
"28/02/2023","71,624.3","71,624.3","72,003.7","71,244.8","1.03M","0.40%"
"27/02/2023","71,339.7","70,865.3","72,003.7","70,201.3","1.11M","0.67%"
"24/02/2023","70,865.3","71,814.0","72,098.6","70,675.6","1.68M","-1.32%"
"23/02/2023","71,814.0","71,624.3","72,952.4","70,580.7","2.33M","0.26%"
"22/02/2023","71,624.3","72,383.2","72,762.7","71,624.3","1.30M","-2.20%"
"21/02/2023","73,237.0","73,521.6","73,616.5","72,762.7","888.30K","-0.39%"
"20/02/2023","73,521.6","72,098.6","73,521.6","71,624.3","1.39M","1.97%"
"17/02/2023","72,098.6","72,193.5","72,478.1","71,434.5","777.00K","-0.65%"
"16/02/2023","72,572.9","72,098.6","72,572.9","71,719.1","691.30K","0.66%"
"15/02/2023","72,098.6","70,865.3","72,098.6","70,580.7","1.44M","1.74%"
"14/02/2023","70,865.3","71,434.5","71,814.0","70,580.7","1.07M","-0.80%"
"13/02/2023","71,434.5","72,003.7","72,003.7","70,296.1","1.57M","-0.79%"
"10/02/2023","72,003.7","71,149.9","72,003.7","71,149.9","1.24M","1.20%"
"09/02/2023","71,149.9","71,908.9","72,098.6","71,149.9","1.59M","-1.06%"
"08/02/2023","71,908.9","72,288.3","72,667.8","71,814.0","1.55M","-0.39%"
"07/02/2023","72,193.5","73,616.5","73,616.5","72,193.5","1.27M","-1.68%"
"06/02/2023","73,426.7","72,003.7","73,521.6","72,003.7","1.91M","1.84%"
"03/02/2023","72,098.6","73,047.3","73,142.1","72,003.7","1.86M","-0.91%"
"02/02/2023","72,762.7","73,426.7","73,521.6","72,762.7","1.49M","-0.65%"
"01/02/2023","73,237.0","73,711.3","73,806.2","72,952.4","1.81M","0.13%"
"31/01/2023","73,142.1","75,134.3","75,418.9","72,952.4","4.82M","-2.90%"
"30/01/2023","75,324.1","75,893.3","75,893.3","75,324.1","1.61M","-0.75%"
"27/01/2023","75,893.3","77,221.4","77,695.7","75,513.8","2.33M","-1.60%"
"19/01/2023","77,126.5","76,652.2","77,316.3","75,893.3","2.63M","0.00%"
"18/01/2023","77,126.5","76,747.1","77,316.3","76,557.3","1.30M","0.49%"
"17/01/2023","76,747.1","76,083.0","76,841.9","75,324.1","1.67M","1.89%"
"16/01/2023","75,324.1","76,462.5","76,652.2","75,324.1","654.70K","-1.49%"
"13/01/2023","76,462.5","76,083.0","76,936.8","75,988.1","1.45M","0.75%"
"12/01/2023","75,893.3","75,798.4","76,083.0","75,229.2","684.90K","0.76%"
"11/01/2023","75,324.1","76,841.9","77,411.1","75,324.1","1.53M","-1.98%"
"10/01/2023","76,841.9","76,747.1","77,316.3","76,462.5","1.20M","0.37%"
"09/01/2023","76,557.3","75,798.4","76,557.3","75,513.8","948.30K","1.13%"
"06/01/2023","75,703.5","76,841.9","77,031.7","75,513.8","1.27M","-1.72%"
"05/01/2023","77,031.7","75,229.2","77,221.4","74,944.6","2.47M","2.40%"
"04/01/2023","75,229.2","74,660.0","75,229.2","74,565.1","1.09M","1.02%"
"03/01/2023","74,470.3","72,572.9","74,470.3","72,288.3","1.50M","3.15%"
"30/12/2022","72,193.5","73,995.9","73,995.9","72,193.5","1.20M","-1.17%"
"29/12/2022","73,047.3","73,426.7","74,185.7","73,047.3","1.33M","0.00%"
"28/12/2022","73,047.3","72,762.7","73,995.9","72,667.8","1.19M","0.52%"
"27/12/2022","72,667.8","72,857.5","73,995.9","72,098.6","1.59M","0.79%"
"26/12/2022","72,098.6","72,478.1","73,616.5","72,003.7","1.66M","-0.26%"
"23/12/2022","72,288.3","73,142.1","74,185.7","72,288.3","1.56M","-1.04%"
"22/12/2022","73,047.3","75,229.2","75,418.9","73,047.3","1.59M","-1.66%"
"21/12/2022","74,280.5","74,280.5","75,119.3","74,094.1","2.31M","1.27%"
"20/12/2022","73,348.5","72,043.7","74,280.5","71,670.9","3.03M","2.21%"
"19/12/2022","71,764.1","73,162.1","73,162.1","71,764.1","2.42M","-1.28%"
"16/12/2022","72,696.1","72,416.5","73,441.7","72,323.3","3.00M","0.52%"
"15/12/2022","72,323.3","72,230.1","73,814.5","72,043.7","2.60M","0.13%"
"14/12/2022","72,230.1","74,000.9","74,000.9","72,230.1","3.52M","-0.64%"
"13/12/2022","72,696.1","73,255.3","74,000.9","71,950.5","3.61M","-0.64%"
"12/12/2022","73,162.1","74,839.7","76,330.9","73,068.9","3.14M","-1.87%"
"09/12/2022","74,560.1","75,492.1","76,237.7","74,560.1","2.41M","-1.23%"
"08/12/2022","75,492.1","77,356.1","78,288.1","75,492.1","1.60M","-1.82%"
"07/12/2022","76,890.1","77,356.1","78,567.7","76,237.7","1.84M","0.00%"
"06/12/2022","76,890.1","79,220.1","79,313.3","76,890.1","1.40M","-2.94%"
"05/12/2022","79,220.1","78,381.3","79,779.3","78,381.3","2.07M","1.19%"
"02/12/2022","78,288.1","76,703.7","78,288.1","76,424.1","2.52M","1.94%"
"01/12/2022","76,796.9","76,051.3","77,262.9","76,051.3","2.22M","-0.48%"
"30/11/2022","77,169.7","77,356.1","77,356.1","75,958.1","2.00M","-0.24%"
"29/11/2022","77,356.1","75,771.7","77,635.7","75,026.1","2.40M","1.59%"
"28/11/2022","76,144.5","76,424.1","77,728.9","76,144.5","2.30M","-0.61%"
"25/11/2022","76,610.5","75,771.7","77,076.5","75,492.1","2.60M","1.23%"
"24/11/2022","75,678.5","73,628.1","75,678.5","73,534.9","2.88M","2.27%"
"23/11/2022","74,000.9","74,094.1","74,280.5","72,975.7","773.10K","-0.13%"
"22/11/2022","74,094.1","72,230.1","74,746.5","72,136.9","2.28M","2.05%"
"21/11/2022","72,602.9","71,764.1","72,602.9","71,670.9","1.79M","1.17%"
"18/11/2022","71,764.1","71,764.1","72,509.7","70,552.5","2.23M","1.32%"
"17/11/2022","70,832.1","71,577.7","72,975.7","69,993.3","2.60M","2.01%"
"16/11/2022","69,434.1","70,366.1","73,441.7","68,781.7","3.54M","-3.25%"
"15/11/2022","71,764.1","73,628.1","74,000.9","71,298.1","2.09M","-2.53%"
"14/11/2022","73,628.1","72,696.1","76,424.1","70,925.3","2.60M","0.77%"
"11/11/2022","73,068.9","73,534.9","74,932.9","73,068.9","1.56M","0.00%"
"10/11/2022","73,068.9","75,398.9","75,492.1","71,764.1","2.64M","-3.09%"
"09/11/2022","75,398.9","76,424.1","76,610.5","74,560.1","2.70M","-1.82%"
"08/11/2022","76,796.9","76,610.5","76,796.9","74,187.3","2.30M","0.24%"
"07/11/2022","76,610.5","74,653.3","76,610.5","74,560.1","2.64M","2.75%"
"04/11/2022","74,560.1","74,466.9","75,492.1","72,696.1","2.91M","0.00%"
"03/11/2022","74,560.1","72,696.1","75,212.5","72,696.1","1.28M","2.17%"
"02/11/2022","72,975.7","74,746.5","74,839.7","72,975.7","1.83M","-2.37%"
"01/11/2022","74,746.5","73,162.1","76,890.1","73,162.1","3.18M","2.17%"
"31/10/2022","73,162.1","72,416.5","73,162.1","72,043.7","1.57M","0.64%"
"28/10/2022","72,696.1","73,162.1","73,255.3","72,416.5","1.44M","-0.64%"
"27/10/2022","73,162.1","70,832.1","73,162.1","70,832.1","2.28M","3.29%"
"26/10/2022","70,832.1","70,832.1","71,204.9","70,459.3","824.70K","0.00%"
"25/10/2022","70,832.1","69,061.3","71,577.7","69,061.3","1.66M","2.70%"
"24/10/2022","68,968.1","71,950.5","71,950.5","68,968.1","1.58M","-3.90%"
"21/10/2022","71,764.1","72,230.1","73,068.9","71,298.1","2.10M","-0.65%"
"20/10/2022","72,230.1","71,391.3","72,230.1","70,645.7","2.29M","1.17%"
"19/10/2022","71,391.3","70,925.3","71,577.7","70,925.3","1.04M","0.13%"
"18/10/2022","71,298.1","69,900.1","71,764.1","69,620.5","3.14M","3.24%"
"17/10/2022","69,061.3","68,781.7","69,993.3","68,688.5","1.68M","0.14%"
"14/10/2022","68,968.1","68,968.1","69,434.1","68,688.5","1.44M","0.27%"
"13/10/2022","68,781.7","66,172.1","68,781.7","65,985.7","3.17M","3.07%"
"12/10/2022","66,731.3","65,706.1","66,824.5","65,333.3","1.27M","1.99%"
"11/10/2022","65,426.5","65,706.1","66,638.1","64,867.3","1.72M","-0.43%"
"10/10/2022","65,706.1","63,842.1","66,638.1","62,816.9","1.66M","1.00%"
"07/10/2022","65,053.7","64,587.7","66,451.7","61,978.1","2.69M","-0.29%"
"06/10/2022","65,240.1","66,451.7","66,544.9","65,240.1","1.50M","-2.23%"
"05/10/2022","66,731.3","66,172.1","67,104.1","66,172.1","1.49M","0.99%"
"04/10/2022","66,078.9","66,917.7","66,917.7","65,240.1","1.63M","-0.14%"
"03/10/2022","66,172.1","67,010.9","67,570.1","66,172.1","2.04M","-1.80%"
"30/09/2022","67,383.7","67,010.9","68,315.7","67,010.9","2.35M","-0.55%"
"29/09/2022","67,756.5","67,942.9","68,502.1","67,290.5","2.03M","1.25%"
"28/09/2022","66,917.7","67,104.1","68,036.1","66,078.9","2.15M","-0.83%"
"27/09/2022","67,476.9","69,434.1","69,806.9","67,383.7","2.42M","-2.16%"
"26/09/2022","68,968.1","70,645.7","71,018.5","68,688.5","3.39M","-3.52%"
"23/09/2022","71,484.5","71,764.1","72,043.7","71,298.1","1.40M","-0.26%"
"22/09/2022","71,670.9","71,391.3","71,857.3","70,832.1","1.03M","0.00%"
"21/09/2022","71,670.9","70,552.5","72,323.3","70,459.3","2.48M","1.45%"
"20/09/2022","70,645.7","70,179.7","71,018.5","70,179.7","1.14M","0.80%"
"19/09/2022","70,086.5","70,459.3","70,552.5","69,806.9","1.42M","-1.05%"
"16/09/2022","70,832.1","69,620.5","70,832.1","69,340.9","2.31M","2.01%"
"15/09/2022","69,434.1","69,061.3","70,086.5","69,061.3","1.21M","0.68%"
"14/09/2022","68,968.1","69,806.9","69,900.1","68,781.7","2.04M","-2.25%"
"13/09/2022","70,552.5","70,086.5","70,832.1","70,086.5","1.56M","0.53%"
"12/09/2022","70,179.7","70,832.1","71,018.5","70,179.7","1.39M","-0.79%"
"09/09/2022","70,738.9","70,738.9","71,298.1","70,366.1","1.19M","0.26%"
"08/09/2022","70,552.5","70,832.1","71,298.1","70,086.5","1.35M","0.00%"
"07/09/2022","70,552.5","72,509.7","72,509.7","70,552.5","2.92M","-2.70%"
"06/09/2022","72,509.7","72,230.1","73,628.1","72,043.7","2.65M","0.39%"
"05/09/2022","72,230.1","70,366.1","72,509.7","70,366.1","3.17M","2.65%"
"31/08/2022","70,366.1","70,738.9","71,204.9","70,366.1","1.66M","-0.66%"
"30/08/2022","70,832.1","70,366.1","71,204.9","70,366.1","2.23M","0.66%"
"29/08/2022","70,366.1","70,925.3","71,111.7","70,272.9","3.31M","-1.82%"
"26/08/2022","71,670.9","72,509.7","72,789.3","71,018.5","2.46M","-1.28%"
"25/08/2022","72,602.9","72,602.9","72,975.7","71,764.1","2.18M","0.26%"
"24/08/2022","72,416.5","70,645.7","72,975.7","70,645.7","5.44M","2.51%"
"23/08/2022","70,645.7","68,688.5","70,738.9","68,595.3","4.55M","2.85%"
"22/08/2022","68,688.5","69,061.3","69,713.7","68,688.5","2.07M","-0.54%"
"19/08/2022","69,061.3","68,408.9","69,434.1","67,942.9","5.23M","0.95%"
"18/08/2022","68,408.9","67,663.3","68,595.3","67,663.3","4.23M","1.10%"
"17/08/2022","67,663.3","66,917.7","67,663.3","66,824.5","1.32M","1.11%"
"16/08/2022","66,917.7","66,917.7","67,476.9","66,824.5","1.69M","0.42%"
"15/08/2022","66,638.1","67,104.1","67,104.1","66,451.7","2.53M","-0.56%"
"12/08/2022","67,010.9","66,172.1","67,010.9","66,172.1","1.80M","1.13%"
"11/08/2022","66,265.3","67,663.3","67,663.3","65,892.5","3.88M","-1.93%"
"10/08/2022","67,570.1","67,104.1","67,663.3","67,104.1","1.54M","0.69%"
"09/08/2022","67,104.1","67,290.5","67,476.9","67,104.1","2.13M","-0.28%"
"08/08/2022","67,290.5","67,570.1","67,570.1","67,197.3","2.80M","-0.55%"
"05/08/2022","67,663.3","68,315.7","68,408.9","67,663.3","2.14M","-0.95%"
"04/08/2022","68,315.7","68,408.9","68,408.9","67,849.7","1.72M","-0.14%"
"03/08/2022","68,408.9","67,849.7","68,502.1","67,570.1","3.13M","0.00%"
"02/08/2022","68,408.9","68,408.9","69,154.5","67,756.5","2.60M","-0.14%"
"01/08/2022","68,502.1","67,849.7","68,502.1","67,290.5","2.53M","0.96%"
"29/07/2022","67,849.7","67,756.5","68,595.3","67,476.9","2.58M","0.28%"
"28/07/2022","67,663.3","67,570.1","67,849.7","67,383.7","1.22M","0.55%"
"27/07/2022","67,290.5","67,104.1","67,663.3","66,917.7","789.50K","0.28%"
"26/07/2022","67,104.1","67,942.9","68,036.1","66,917.7","1.15M","-1.23%"
"25/07/2022","67,942.9","67,104.1","67,942.9","66,917.7","1.24M","1.25%"
"22/07/2022","67,104.1","68,222.5","68,222.5","67,104.1","712.30K","-1.64%"
"21/07/2022","68,222.5","67,570.1","68,595.3","67,290.5","1.72M","0.27%"
"20/07/2022","68,036.1","68,222.5","68,595.3","67,849.7","1.17M","0.27%"
"19/07/2022","67,849.7","67,104.1","67,942.9","66,731.3","1.53M","1.53%"
"18/07/2022","66,824.5","67,104.1","67,290.5","66,638.1","1.11M","0.14%"
"15/07/2022","66,731.3","67,476.9","68,036.1","66,731.3","1.48M","-1.10%"
"14/07/2022","67,476.9","67,383.7","68,222.5","67,290.5","982.30K","-0.14%"
"13/07/2022","67,570.1","68,222.5","68,595.3","67,476.9","1.42M","-1.09%"
"12/07/2022","68,315.7","68,036.1","68,874.9","67,663.3","976.10K","0.41%"
"11/07/2022","68,036.1","67,290.5","69,620.5","67,104.1","2.56M","0.00%"
"08/07/2022","68,036.1","68,036.1","68,315.7","67,570.1","1.70M","0.00%"
"07/07/2022","68,036.1","65,892.5","68,036.1","65,240.1","3.05M","3.25%"
"06/07/2022","65,892.5","66,172.1","66,638.1","64,774.1","2.36M","0.04%"
"05/07/2022","65,864.1","67,846.3","67,936.4","65,774.0","2.59M","-2.66%"
"04/07/2022","67,666.1","66,675.0","68,296.8","66,494.8","3.14M","1.90%"
"01/07/2022","66,404.7","65,143.2","66,584.9","64,872.9","2.86M","2.08%"
"30/06/2022","65,053.1","65,143.2","67,395.8","65,053.1","3.58M","-0.14%"
"29/06/2022","65,143.2","63,611.5","65,503.6","63,611.5","1.94M","2.12%"
"28/06/2022","63,791.7","63,611.5","65,503.6","63,161.0","3.04M","-0.42%"
"27/06/2022","64,062.0","64,692.7","64,963.0","63,341.2","1.80M","-0.56%"
"24/06/2022","64,422.4","63,971.9","65,683.9","63,881.8","1.68M","1.13%"
"23/06/2022","63,701.6","63,611.5","64,872.9","63,070.9","1.10M","0.14%"
"22/06/2022","63,611.5","65,864.1","66,134.4","63,611.5","2.21M","-4.21%"
"21/06/2022","66,404.7","62,350.1","66,494.8","61,989.7","4.84M","6.81%"
"20/06/2022","62,169.9","59,827.3","62,800.6","59,827.3","2.59M","3.45%"